,1.UserInput,2.WitInput,3.DBOutput,4.ChatBotOutput,5.Error
0,the 1User input,the 1wit output,the 1DB output,the 1CB output,Pass
1,the 2User input,the 2wit output,the 2DB output,the 2CB output,False
2,the 3User input,the 3wit output,the 3DB output,the 3CB output,Pass
3,the 4User input,the 4wit output,the 4DB output,the 4CB output,False
4,the 5User input,the 5wit output,the 5DB output,the 5CB output,Pass
5,the 6User input,the 6wit output,the 6DB output,the 6CB output,False
6,the 7User input,the 7wit output,the 7DB output,the 7CB output,Pass
7,the 8User input,the 8wit output,the 8DB output,the 8CB output,False
8,the 9User input,the 9wit output,the 9DB output,the 9CB output,Pass
9,the 10User input,the 10wit output,the 10DB output,the 10CB output,False
10,the 11User input,the 11wit output,the 11DB output,the 11CB output,Pass
11,the 12User input,the 12wit output,the 12DB output,the 12CB output,False
12,the 13User input,the 13wit output,the 13DB output,the 13CB output,Pass
13,the 14User input,the 14wit output,the 14DB output,the 14CB output,False
14,the 15User input,the 15wit output,the 15DB output,the 15CB output,Pass
15,the 16User input,the 16wit output,the 16DB output,the 16CB output,False
16,the 17User input,the 17wit output,the 17DB output,the 17CB output,Pass
17,the 18User input,the 18wit output,the 18DB output,the 18CB output,False
18,the 19User input,the 19wit output,the 19DB output,the 19CB output,Pass
19,the 20User input,the 20wit output,the 20DB output,the 20CB output,False
20,the 21User input,the 21wit output,the 21DB output,the 21CB output,Pass
21,the 22User input,the 22wit output,the 22DB output,the 22CB output,False
22,the 23User input,the 23wit output,the 23DB output,the 23CB output,Pass
23,the 24User input,the 24wit output,the 24DB output,the 24CB output,False
24,the 25User input,the 25wit output,the 25DB output,the 25CB output,Pass
25,the 26User input,the 26wit output,the 26DB output,the 26CB output,False
26,the 27User input,the 27wit output,the 27DB output,the 27CB output,Pass
27,the 28User input,the 28wit output,the 28DB output,the 28CB output,False
28,the 29User input,the 29wit output,the 29DB output,the 29CB output,Pass
29,the 30User input,the 30wit output,the 30DB output,the 30CB output,False
30,the 31User input,the 31wit output,the 31DB output,the 31CB output,Pass
31,the 32User input,the 32wit output,the 32DB output,the 32CB output,False
32,the 33User input,the 33wit output,the 33DB output,the 33CB output,Pass
33,the 34User input,the 34wit output,the 34DB output,the 34CB output,False
34,the 35User input,the 35wit output,the 35DB output,the 35CB output,Pass
35,the 36User input,the 36wit output,the 36DB output,the 36CB output,False
36,the 37User input,the 37wit output,the 37DB output,the 37CB output,Pass
37,the 38User input,the 38wit output,the 38DB output,the 38CB output,False
38,the 39User input,the 39wit output,the 39DB output,the 39CB output,Pass
39,the 40User input,the 40wit output,the 40DB output,the 40CB output,False
40,the 41User input,the 41wit output,the 41DB output,the 41CB output,Pass
41,the 42User input,the 42wit output,the 42DB output,the 42CB output,False
42,the 43User input,the 43wit output,the 43DB output,the 43CB output,Pass
43,the 44User input,the 44wit output,the 44DB output,the 44CB output,False
44,the 45User input,the 45wit output,the 45DB output,the 45CB output,Pass
45,the 46User input,the 46wit output,the 46DB output,the 46CB output,False
46,the 47User input,the 47wit output,the 47DB output,the 47CB output,Pass
47,the 48User input,the 48wit output,the 48DB output,the 48CB output,False
48,the 49User input,the 49wit output,the 49DB output,the 49CB output,Pass
49,the 50User input,the 50wit output,the 50DB output,the 50CB output,False
50,the 51User input,the 51wit output,the 51DB output,the 51CB output,Pass
51,the 52User input,the 52wit output,the 52DB output,the 52CB output,False
52,the 53User input,the 53wit output,the 53DB output,the 53CB output,Pass
53,the 54User input,the 54wit output,the 54DB output,the 54CB output,False
54,the 55User input,the 55wit output,the 55DB output,the 55CB output,Pass
55,the 56User input,the 56wit output,the 56DB output,the 56CB output,False
56,the 57User input,the 57wit output,the 57DB output,the 57CB output,Pass
57,the 58User input,the 58wit output,the 58DB output,the 58CB output,False
58,the 59User input,the 59wit output,the 59DB output,the 59CB output,Pass
59,the 60User input,the 60wit output,the 60DB output,the 60CB output,False
60,the 61User input,the 61wit output,the 61DB output,the 61CB output,Pass
61,the 62User input,the 62wit output,the 62DB output,the 62CB output,False
62,the 63User input,the 63wit output,the 63DB output,the 63CB output,Pass
63,the 64User input,the 64wit output,the 64DB output,the 64CB output,False
64,the 65User input,the 65wit output,the 65DB output,the 65CB output,Pass
65,the 66User input,the 66wit output,the 66DB output,the 66CB output,False
66,the 67User input,the 67wit output,the 67DB output,the 67CB output,Pass
67,the 68User input,the 68wit output,the 68DB output,the 68CB output,False
68,the 69User input,the 69wit output,the 69DB output,the 69CB output,Pass
69,the 70User input,the 70wit output,the 70DB output,the 70CB output,False
70,the 71User input,the 71wit output,the 71DB output,the 71CB output,Pass
71,the 72User input,the 72wit output,the 72DB output,the 72CB output,False
72,the 73User input,the 73wit output,the 73DB output,the 73CB output,Pass
73,the 74User input,the 74wit output,the 74DB output,the 74CB output,False
74,the 75User input,the 75wit output,the 75DB output,the 75CB output,Pass
75,the 76User input,the 76wit output,the 76DB output,the 76CB output,False
76,the 77User input,the 77wit output,the 77DB output,the 77CB output,Pass
77,the 78User input,the 78wit output,the 78DB output,the 78CB output,False
78,the 79User input,the 79wit output,the 79DB output,the 79CB output,Pass
79,the 80User input,the 80wit output,the 80DB output,the 80CB output,False
80,the 81User input,the 81wit output,the 81DB output,the 81CB output,Pass
81,the 82User input,the 82wit output,the 82DB output,the 82CB output,False
82,the 83User input,the 83wit output,the 83DB output,the 83CB output,Pass
83,the 84User input,the 84wit output,the 84DB output,the 84CB output,False
84,the 85User input,the 85wit output,the 85DB output,the 85CB output,Pass
85,the 86User input,the 86wit output,the 86DB output,the 86CB output,False
86,the 87User input,the 87wit output,the 87DB output,the 87CB output,Pass
87,the 88User input,the 88wit output,the 88DB output,the 88CB output,False
88,the 89User input,the 89wit output,the 89DB output,the 89CB output,Pass
89,the 90User input,the 90wit output,the 90DB output,the 90CB output,False
90,the 91User input,the 91wit output,the 91DB output,the 91CB output,Pass
91,the 92User input,the 92wit output,the 92DB output,the 92CB output,False
92,the 93User input,the 93wit output,the 93DB output,the 93CB output,Pass
93,the 94User input,the 94wit output,the 94DB output,the 94CB output,False
94,the 95User input,the 95wit output,the 95DB output,the 95CB output,Pass
95,the 96User input,the 96wit output,the 96DB output,the 96CB output,False
96,the 97User input,the 97wit output,the 97DB output,the 97CB output,Pass
97,the 98User input,the 98wit output,the 98DB output,the 98CB output,False
98,the 99User input,the 99wit output,the 99DB output,the 99CB output,Pass
99,the 100User input,the 100wit output,the 100DB output,the 100CB output,False
100,the 101User input,the 101wit output,the 101DB output,the 101CB output,Pass
101,the 102User input,the 102wit output,the 102DB output,the 102CB output,False
102,the 103User input,the 103wit output,the 103DB output,the 103CB output,Pass
103,the 104User input,the 104wit output,the 104DB output,the 104CB output,False
104,the 105User input,the 105wit output,the 105DB output,the 105CB output,Pass
105,the 106User input,the 106wit output,the 106DB output,the 106CB output,False
106,the 107User input,the 107wit output,the 107DB output,the 107CB output,Pass
107,the 108User input,the 108wit output,the 108DB output,the 108CB output,False
108,the 109User input,the 109wit output,the 109DB output,the 109CB output,Pass
109,the 110User input,the 110wit output,the 110DB output,the 110CB output,False
110,the 111User input,the 111wit output,the 111DB output,the 111CB output,Pass
111,the 112User input,the 112wit output,the 112DB output,the 112CB output,False
112,the 113User input,the 113wit output,the 113DB output,the 113CB output,Pass
113,the 114User input,the 114wit output,the 114DB output,the 114CB output,False
114,the 115User input,the 115wit output,the 115DB output,the 115CB output,Pass
115,the 116User input,the 116wit output,the 116DB output,the 116CB output,False
116,the 117User input,the 117wit output,the 117DB output,the 117CB output,Pass
117,the 118User input,the 118wit output,the 118DB output,the 118CB output,False
118,the 119User input,the 119wit output,the 119DB output,the 119CB output,Pass
119,the 120User input,the 120wit output,the 120DB output,the 120CB output,False
120,the 121User input,the 121wit output,the 121DB output,the 121CB output,Pass
121,the 122User input,the 122wit output,the 122DB output,the 122CB output,False
122,the 123User input,the 123wit output,the 123DB output,the 123CB output,Pass
123,the 124User input,the 124wit output,the 124DB output,the 124CB output,False
124,the 125User input,the 125wit output,the 125DB output,the 125CB output,Pass
125,the 126User input,the 126wit output,the 126DB output,the 126CB output,False
126,the 127User input,the 127wit output,the 127DB output,the 127CB output,Pass
127,the 128User input,the 128wit output,the 128DB output,the 128CB output,False
128,the 129User input,the 129wit output,the 129DB output,the 129CB output,Pass
129,the 130User input,the 130wit output,the 130DB output,the 130CB output,False
130,the 131User input,the 131wit output,the 131DB output,the 131CB output,Pass
131,the 132User input,the 132wit output,the 132DB output,the 132CB output,False
132,the 133User input,the 133wit output,the 133DB output,the 133CB output,Pass
133,the 134User input,the 134wit output,the 134DB output,the 134CB output,False
134,the 135User input,the 135wit output,the 135DB output,the 135CB output,Pass
135,the 136User input,the 136wit output,the 136DB output,the 136CB output,False
136,the 137User input,the 137wit output,the 137DB output,the 137CB output,Pass
137,the 138User input,the 138wit output,the 138DB output,the 138CB output,False
138,the 139User input,the 139wit output,the 139DB output,the 139CB output,Pass
139,the 140User input,the 140wit output,the 140DB output,the 140CB output,False
140,the 141User input,the 141wit output,the 141DB output,the 141CB output,Pass
141,the 142User input,the 142wit output,the 142DB output,the 142CB output,False
142,the 143User input,the 143wit output,the 143DB output,the 143CB output,Pass
143,the 144User input,the 144wit output,the 144DB output,the 144CB output,False
144,the 145User input,the 145wit output,the 145DB output,the 145CB output,Pass
145,the 146User input,the 146wit output,the 146DB output,the 146CB output,False
146,the 147User input,the 147wit output,the 147DB output,the 147CB output,Pass
147,the 148User input,the 148wit output,the 148DB output,the 148CB output,False
148,the 149User input,the 149wit output,the 149DB output,the 149CB output,Pass
149,the 150User input,the 150wit output,the 150DB output,the 150CB output,False
150,the 151User input,the 151wit output,the 151DB output,the 151CB output,Pass
151,the 152User input,the 152wit output,the 152DB output,the 152CB output,False
152,the 153User input,the 153wit output,the 153DB output,the 153CB output,Pass
153,the 154User input,the 154wit output,the 154DB output,the 154CB output,False
154,the 155User input,the 155wit output,the 155DB output,the 155CB output,Pass
155,the 156User input,the 156wit output,the 156DB output,the 156CB output,False
156,the 157User input,the 157wit output,the 157DB output,the 157CB output,Pass
157,the 158User input,the 158wit output,the 158DB output,the 158CB output,False
158,the 159User input,the 159wit output,the 159DB output,the 159CB output,Pass
159,the 160User input,the 160wit output,the 160DB output,the 160CB output,False
160,the 161User input,the 161wit output,the 161DB output,the 161CB output,Pass
161,the 162User input,the 162wit output,the 162DB output,the 162CB output,False
162,the 163User input,the 163wit output,the 163DB output,the 163CB output,Pass
163,the 164User input,the 164wit output,the 164DB output,the 164CB output,False
164,the 165User input,the 165wit output,the 165DB output,the 165CB output,Pass
165,the 166User input,the 166wit output,the 166DB output,the 166CB output,False
166,the 167User input,the 167wit output,the 167DB output,the 167CB output,Pass
167,the 168User input,the 168wit output,the 168DB output,the 168CB output,False
168,the 169User input,the 169wit output,the 169DB output,the 169CB output,Pass
169,the 170User input,the 170wit output,the 170DB output,the 170CB output,False
170,the 171User input,the 171wit output,the 171DB output,the 171CB output,Pass
171,the 172User input,the 172wit output,the 172DB output,the 172CB output,False
172,the 173User input,the 173wit output,the 173DB output,the 173CB output,Pass
173,the 174User input,the 174wit output,the 174DB output,the 174CB output,False
174,the 175User input,the 175wit output,the 175DB output,the 175CB output,Pass
175,the 176User input,the 176wit output,the 176DB output,the 176CB output,False
176,the 177User input,the 177wit output,the 177DB output,the 177CB output,Pass
177,the 178User input,the 178wit output,the 178DB output,the 178CB output,False
178,the 179User input,the 179wit output,the 179DB output,the 179CB output,Pass
179,the 180User input,the 180wit output,the 180DB output,the 180CB output,False
180,the 181User input,the 181wit output,the 181DB output,the 181CB output,Pass
181,the 182User input,the 182wit output,the 182DB output,the 182CB output,False
182,the 183User input,the 183wit output,the 183DB output,the 183CB output,Pass
183,the 184User input,the 184wit output,the 184DB output,the 184CB output,False
184,the 185User input,the 185wit output,the 185DB output,the 185CB output,Pass
185,the 186User input,the 186wit output,the 186DB output,the 186CB output,False
186,the 187User input,the 187wit output,the 187DB output,the 187CB output,Pass
187,the 188User input,the 188wit output,the 188DB output,the 188CB output,False
188,the 189User input,the 189wit output,the 189DB output,the 189CB output,Pass
189,the 190User input,the 190wit output,the 190DB output,the 190CB output,False
190,the 191User input,the 191wit output,the 191DB output,the 191CB output,Pass
191,the 192User input,the 192wit output,the 192DB output,the 192CB output,False
192,the 193User input,the 193wit output,the 193DB output,the 193CB output,Pass
193,the 194User input,the 194wit output,the 194DB output,the 194CB output,False
194,the 195User input,the 195wit output,the 195DB output,the 195CB output,Pass
195,the 196User input,the 196wit output,the 196DB output,the 196CB output,False
196,the 197User input,the 197wit output,the 197DB output,the 197CB output,Pass
197,the 198User input,the 198wit output,the 198DB output,the 198CB output,False
198,the 199User input,the 199wit output,the 199DB output,the 199CB output,Pass
199,the 200User input,the 200wit output,the 200DB output,the 200CB output,False
200,the 201User input,the 201wit output,the 201DB output,the 201CB output,Pass
201,the 202User input,the 202wit output,the 202DB output,the 202CB output,False
202,the 203User input,the 203wit output,the 203DB output,the 203CB output,Pass
203,the 204User input,the 204wit output,the 204DB output,the 204CB output,False
204,the 205User input,the 205wit output,the 205DB output,the 205CB output,Pass
205,the 206User input,the 206wit output,the 206DB output,the 206CB output,False
206,the 207User input,the 207wit output,the 207DB output,the 207CB output,Pass
207,the 208User input,the 208wit output,the 208DB output,the 208CB output,False
208,the 209User input,the 209wit output,the 209DB output,the 209CB output,Pass
209,the 210User input,the 210wit output,the 210DB output,the 210CB output,False
210,the 211User input,the 211wit output,the 211DB output,the 211CB output,Pass
211,the 212User input,the 212wit output,the 212DB output,the 212CB output,False
212,the 213User input,the 213wit output,the 213DB output,the 213CB output,Pass
213,the 214User input,the 214wit output,the 214DB output,the 214CB output,False
214,the 215User input,the 215wit output,the 215DB output,the 215CB output,Pass
215,the 216User input,the 216wit output,the 216DB output,the 216CB output,False
216,the 217User input,the 217wit output,the 217DB output,the 217CB output,Pass
217,the 218User input,the 218wit output,the 218DB output,the 218CB output,False
218,the 219User input,the 219wit output,the 219DB output,the 219CB output,Pass
219,the 220User input,the 220wit output,the 220DB output,the 220CB output,False
220,the 221User input,the 221wit output,the 221DB output,the 221CB output,Pass
221,the 222User input,the 222wit output,the 222DB output,the 222CB output,False
222,the 223User input,the 223wit output,the 223DB output,the 223CB output,Pass
223,the 224User input,the 224wit output,the 224DB output,the 224CB output,False
224,the 225User input,the 225wit output,the 225DB output,the 225CB output,Pass
225,the 226User input,the 226wit output,the 226DB output,the 226CB output,False
226,the 227User input,the 227wit output,the 227DB output,the 227CB output,Pass
227,the 228User input,the 228wit output,the 228DB output,the 228CB output,False
228,the 229User input,the 229wit output,the 229DB output,the 229CB output,Pass
229,the 230User input,the 230wit output,the 230DB output,the 230CB output,False
230,the 231User input,the 231wit output,the 231DB output,the 231CB output,Pass
231,the 232User input,the 232wit output,the 232DB output,the 232CB output,False
232,the 233User input,the 233wit output,the 233DB output,the 233CB output,Pass
233,the 234User input,the 234wit output,the 234DB output,the 234CB output,False
234,the 235User input,the 235wit output,the 235DB output,the 235CB output,Pass
235,the 236User input,the 236wit output,the 236DB output,the 236CB output,False
236,the 237User input,the 237wit output,the 237DB output,the 237CB output,Pass
237,the 238User input,the 238wit output,the 238DB output,the 238CB output,False
238,the 239User input,the 239wit output,the 239DB output,the 239CB output,Pass
239,the 240User input,the 240wit output,the 240DB output,the 240CB output,False
240,the 241User input,the 241wit output,the 241DB output,the 241CB output,Pass
241,the 242User input,the 242wit output,the 242DB output,the 242CB output,False
242,the 243User input,the 243wit output,the 243DB output,the 243CB output,Pass
243,the 244User input,the 244wit output,the 244DB output,the 244CB output,False
244,the 245User input,the 245wit output,the 245DB output,the 245CB output,Pass
245,the 246User input,the 246wit output,the 246DB output,the 246CB output,False
246,the 247User input,the 247wit output,the 247DB output,the 247CB output,Pass
247,the 248User input,the 248wit output,the 248DB output,the 248CB output,False
248,the 249User input,the 249wit output,the 249DB output,the 249CB output,Pass
249,the 250User input,the 250wit output,the 250DB output,the 250CB output,False
250,the 251User input,the 251wit output,the 251DB output,the 251CB output,Pass
251,the 252User input,the 252wit output,the 252DB output,the 252CB output,False
252,the 253User input,the 253wit output,the 253DB output,the 253CB output,Pass
253,the 254User input,the 254wit output,the 254DB output,the 254CB output,False
254,the 255User input,the 255wit output,the 255DB output,the 255CB output,Pass
255,the 256User input,the 256wit output,the 256DB output,the 256CB output,False
256,the 257User input,the 257wit output,the 257DB output,the 257CB output,Pass
257,the 258User input,the 258wit output,the 258DB output,the 258CB output,False
258,the 259User input,the 259wit output,the 259DB output,the 259CB output,Pass
259,the 260User input,the 260wit output,the 260DB output,the 260CB output,False
260,the 261User input,the 261wit output,the 261DB output,the 261CB output,Pass
261,the 262User input,the 262wit output,the 262DB output,the 262CB output,False
262,the 263User input,the 263wit output,the 263DB output,the 263CB output,Pass
263,the 264User input,the 264wit output,the 264DB output,the 264CB output,False
264,the 265User input,the 265wit output,the 265DB output,the 265CB output,Pass
265,the 266User input,the 266wit output,the 266DB output,the 266CB output,False
266,the 267User input,the 267wit output,the 267DB output,the 267CB output,Pass
267,the 268User input,the 268wit output,the 268DB output,the 268CB output,False
268,the 269User input,the 269wit output,the 269DB output,the 269CB output,Pass
269,the 270User input,the 270wit output,the 270DB output,the 270CB output,False
270,the 271User input,the 271wit output,the 271DB output,the 271CB output,Pass
271,the 272User input,the 272wit output,the 272DB output,the 272CB output,False
272,the 273User input,the 273wit output,the 273DB output,the 273CB output,Pass
273,the 274User input,the 274wit output,the 274DB output,the 274CB output,False
274,the 275User input,the 275wit output,the 275DB output,the 275CB output,Pass
275,the 276User input,the 276wit output,the 276DB output,the 276CB output,False
276,the 277User input,the 277wit output,the 277DB output,the 277CB output,Pass
277,the 278User input,the 278wit output,the 278DB output,the 278CB output,False
278,the 279User input,the 279wit output,the 279DB output,the 279CB output,Pass
279,the 280User input,the 280wit output,the 280DB output,the 280CB output,False
280,the 281User input,the 281wit output,the 281DB output,the 281CB output,Pass
281,the 282User input,the 282wit output,the 282DB output,the 282CB output,False
282,the 283User input,the 283wit output,the 283DB output,the 283CB output,Pass
283,the 284User input,the 284wit output,the 284DB output,the 284CB output,False
284,the 285User input,the 285wit output,the 285DB output,the 285CB output,Pass
285,the 286User input,the 286wit output,the 286DB output,the 286CB output,False
286,the 287User input,the 287wit output,the 287DB output,the 287CB output,Pass
287,the 288User input,the 288wit output,the 288DB output,the 288CB output,False
288,the 289User input,the 289wit output,the 289DB output,the 289CB output,Pass
289,the 290User input,the 290wit output,the 290DB output,the 290CB output,False
290,the 291User input,the 291wit output,the 291DB output,the 291CB output,Pass
291,the 292User input,the 292wit output,the 292DB output,the 292CB output,False
292,the 293User input,the 293wit output,the 293DB output,the 293CB output,Pass
293,the 294User input,the 294wit output,the 294DB output,the 294CB output,False
294,the 295User input,the 295wit output,the 295DB output,the 295CB output,Pass
295,the 296User input,the 296wit output,the 296DB output,the 296CB output,False
296,the 297User input,the 297wit output,the 297DB output,the 297CB output,Pass
297,the 298User input,the 298wit output,the 298DB output,the 298CB output,False
298,the 299User input,the 299wit output,the 299DB output,the 299CB output,Pass
299,the 300User input,the 300wit output,the 300DB output,the 300CB output,False
300,the 301User input,the 301wit output,the 301DB output,the 301CB output,Pass
301,the 302User input,the 302wit output,the 302DB output,the 302CB output,False
302,the 303User input,the 303wit output,the 303DB output,the 303CB output,Pass
303,the 304User input,the 304wit output,the 304DB output,the 304CB output,False
304,the 305User input,the 305wit output,the 305DB output,the 305CB output,Pass
305,the 306User input,the 306wit output,the 306DB output,the 306CB output,False
306,the 307User input,the 307wit output,the 307DB output,the 307CB output,Pass
307,the 308User input,the 308wit output,the 308DB output,the 308CB output,False
308,the 309User input,the 309wit output,the 309DB output,the 309CB output,Pass
309,the 310User input,the 310wit output,the 310DB output,the 310CB output,False
310,the 311User input,the 311wit output,the 311DB output,the 311CB output,Pass
311,the 312User input,the 312wit output,the 312DB output,the 312CB output,False
312,the 313User input,the 313wit output,the 313DB output,the 313CB output,Pass
313,the 314User input,the 314wit output,the 314DB output,the 314CB output,False
314,the 315User input,the 315wit output,the 315DB output,the 315CB output,Pass
315,the 316User input,the 316wit output,the 316DB output,the 316CB output,False
316,the 317User input,the 317wit output,the 317DB output,the 317CB output,Pass
317,the 318User input,the 318wit output,the 318DB output,the 318CB output,False
318,the 319User input,the 319wit output,the 319DB output,the 319CB output,Pass
319,the 320User input,the 320wit output,the 320DB output,the 320CB output,False
320,the 321User input,the 321wit output,the 321DB output,the 321CB output,Pass
321,the 322User input,the 322wit output,the 322DB output,the 322CB output,False
322,the 323User input,the 323wit output,the 323DB output,the 323CB output,Pass
323,the 324User input,the 324wit output,the 324DB output,the 324CB output,False
324,the 325User input,the 325wit output,the 325DB output,the 325CB output,Pass
325,the 326User input,the 326wit output,the 326DB output,the 326CB output,False
326,the 327User input,the 327wit output,the 327DB output,the 327CB output,Pass
327,the 328User input,the 328wit output,the 328DB output,the 328CB output,False
328,the 329User input,the 329wit output,the 329DB output,the 329CB output,Pass
329,the 330User input,the 330wit output,the 330DB output,the 330CB output,False
330,the 331User input,the 331wit output,the 331DB output,the 331CB output,Pass
331,the 332User input,the 332wit output,the 332DB output,the 332CB output,False
332,the 333User input,the 333wit output,the 333DB output,the 333CB output,Pass
333,the 334User input,the 334wit output,the 334DB output,the 334CB output,False
334,the 335User input,the 335wit output,the 335DB output,the 335CB output,Pass
335,the 336User input,the 336wit output,the 336DB output,the 336CB output,False
336,the 337User input,the 337wit output,the 337DB output,the 337CB output,Pass
337,the 338User input,the 338wit output,the 338DB output,the 338CB output,False
338,the 339User input,the 339wit output,the 339DB output,the 339CB output,Pass
339,the 340User input,the 340wit output,the 340DB output,the 340CB output,False
340,the 341User input,the 341wit output,the 341DB output,the 341CB output,Pass
341,the 342User input,the 342wit output,the 342DB output,the 342CB output,False
342,the 343User input,the 343wit output,the 343DB output,the 343CB output,Pass
343,the 344User input,the 344wit output,the 344DB output,the 344CB output,False
344,the 345User input,the 345wit output,the 345DB output,the 345CB output,Pass
345,the 346User input,the 346wit output,the 346DB output,the 346CB output,False
346,the 347User input,the 347wit output,the 347DB output,the 347CB output,Pass
347,the 348User input,the 348wit output,the 348DB output,the 348CB output,False
348,the 349User input,the 349wit output,the 349DB output,the 349CB output,Pass
349,the 350User input,the 350wit output,the 350DB output,the 350CB output,False
350,the 351User input,the 351wit output,the 351DB output,the 351CB output,Pass
351,the 352User input,the 352wit output,the 352DB output,the 352CB output,False
352,the 353User input,the 353wit output,the 353DB output,the 353CB output,Pass
353,the 354User input,the 354wit output,the 354DB output,the 354CB output,False
354,the 355User input,the 355wit output,the 355DB output,the 355CB output,Pass
355,the 356User input,the 356wit output,the 356DB output,the 356CB output,False
356,the 357User input,the 357wit output,the 357DB output,the 357CB output,Pass
357,the 358User input,the 358wit output,the 358DB output,the 358CB output,False
358,the 359User input,the 359wit output,the 359DB output,the 359CB output,Pass
359,the 360User input,the 360wit output,the 360DB output,the 360CB output,False
360,the 361User input,the 361wit output,the 361DB output,the 361CB output,Pass
361,the 362User input,the 362wit output,the 362DB output,the 362CB output,False
362,the 363User input,the 363wit output,the 363DB output,the 363CB output,Pass
363,the 364User input,the 364wit output,the 364DB output,the 364CB output,False
364,the 365User input,the 365wit output,the 365DB output,the 365CB output,Pass
365,the 366User input,the 366wit output,the 366DB output,the 366CB output,False
366,the 367User input,the 367wit output,the 367DB output,the 367CB output,Pass
367,the 368User input,the 368wit output,the 368DB output,the 368CB output,False
368,the 369User input,the 369wit output,the 369DB output,the 369CB output,Pass
369,the 370User input,the 370wit output,the 370DB output,the 370CB output,False
370,the 371User input,the 371wit output,the 371DB output,the 371CB output,Pass
371,the 372User input,the 372wit output,the 372DB output,the 372CB output,False
372,the 373User input,the 373wit output,the 373DB output,the 373CB output,Pass
373,the 374User input,the 374wit output,the 374DB output,the 374CB output,False
374,the 375User input,the 375wit output,the 375DB output,the 375CB output,Pass
375,the 376User input,the 376wit output,the 376DB output,the 376CB output,False
376,the 377User input,the 377wit output,the 377DB output,the 377CB output,Pass
377,the 378User input,the 378wit output,the 378DB output,the 378CB output,False
378,the 379User input,the 379wit output,the 379DB output,the 379CB output,Pass
379,the 380User input,the 380wit output,the 380DB output,the 380CB output,False
380,the 381User input,the 381wit output,the 381DB output,the 381CB output,Pass
381,the 382User input,the 382wit output,the 382DB output,the 382CB output,False
382,the 383User input,the 383wit output,the 383DB output,the 383CB output,Pass
383,the 384User input,the 384wit output,the 384DB output,the 384CB output,False
384,the 385User input,the 385wit output,the 385DB output,the 385CB output,Pass
385,the 386User input,the 386wit output,the 386DB output,the 386CB output,False
386,the 387User input,the 387wit output,the 387DB output,the 387CB output,Pass
387,the 388User input,the 388wit output,the 388DB output,the 388CB output,False
388,the 389User input,the 389wit output,the 389DB output,the 389CB output,Pass
389,the 390User input,the 390wit output,the 390DB output,the 390CB output,False
390,the 391User input,the 391wit output,the 391DB output,the 391CB output,Pass
391,the 392User input,the 392wit output,the 392DB output,the 392CB output,False
392,the 393User input,the 393wit output,the 393DB output,the 393CB output,Pass
393,the 394User input,the 394wit output,the 394DB output,the 394CB output,False
394,the 395User input,the 395wit output,the 395DB output,the 395CB output,Pass
395,the 396User input,the 396wit output,the 396DB output,the 396CB output,False
396,the 397User input,the 397wit output,the 397DB output,the 397CB output,Pass
397,the 398User input,the 398wit output,the 398DB output,the 398CB output,False
398,the 399User input,the 399wit output,the 399DB output,the 399CB output,Pass
399,the 400User input,the 400wit output,the 400DB output,the 400CB output,False
400,the 401User input,the 401wit output,the 401DB output,the 401CB output,Pass
401,the 402User input,the 402wit output,the 402DB output,the 402CB output,False
402,the 403User input,the 403wit output,the 403DB output,the 403CB output,Pass
403,the 404User input,the 404wit output,the 404DB output,the 404CB output,False
404,the 405User input,the 405wit output,the 405DB output,the 405CB output,Pass
405,the 406User input,the 406wit output,the 406DB output,the 406CB output,False
406,the 407User input,the 407wit output,the 407DB output,the 407CB output,Pass
407,the 408User input,the 408wit output,the 408DB output,the 408CB output,False
408,the 409User input,the 409wit output,the 409DB output,the 409CB output,Pass
409,the 410User input,the 410wit output,the 410DB output,the 410CB output,False
410,the 411User input,the 411wit output,the 411DB output,the 411CB output,Pass
411,the 412User input,the 412wit output,the 412DB output,the 412CB output,False
412,the 413User input,the 413wit output,the 413DB output,the 413CB output,Pass
413,the 414User input,the 414wit output,the 414DB output,the 414CB output,False
414,the 415User input,the 415wit output,the 415DB output,the 415CB output,Pass
415,the 416User input,the 416wit output,the 416DB output,the 416CB output,False
416,the 417User input,the 417wit output,the 417DB output,the 417CB output,Pass
417,the 418User input,the 418wit output,the 418DB output,the 418CB output,False
418,the 419User input,the 419wit output,the 419DB output,the 419CB output,Pass
419,the 420User input,the 420wit output,the 420DB output,the 420CB output,False
420,the 421User input,the 421wit output,the 421DB output,the 421CB output,Pass
421,the 422User input,the 422wit output,the 422DB output,the 422CB output,False
422,the 423User input,the 423wit output,the 423DB output,the 423CB output,Pass
423,the 424User input,the 424wit output,the 424DB output,the 424CB output,False
424,the 425User input,the 425wit output,the 425DB output,the 425CB output,Pass
425,the 426User input,the 426wit output,the 426DB output,the 426CB output,False
426,the 427User input,the 427wit output,the 427DB output,the 427CB output,Pass
427,the 428User input,the 428wit output,the 428DB output,the 428CB output,False
428,the 429User input,the 429wit output,the 429DB output,the 429CB output,Pass
429,the 430User input,the 430wit output,the 430DB output,the 430CB output,False
430,the 431User input,the 431wit output,the 431DB output,the 431CB output,Pass
431,the 432User input,the 432wit output,the 432DB output,the 432CB output,False
432,the 433User input,the 433wit output,the 433DB output,the 433CB output,Pass
433,the 434User input,the 434wit output,the 434DB output,the 434CB output,False
434,the 435User input,the 435wit output,the 435DB output,the 435CB output,Pass
435,the 436User input,the 436wit output,the 436DB output,the 436CB output,False
436,the 437User input,the 437wit output,the 437DB output,the 437CB output,Pass
437,the 438User input,the 438wit output,the 438DB output,the 438CB output,False
438,the 439User input,the 439wit output,the 439DB output,the 439CB output,Pass
439,the 440User input,the 440wit output,the 440DB output,the 440CB output,False
440,the 441User input,the 441wit output,the 441DB output,the 441CB output,Pass
441,the 442User input,the 442wit output,the 442DB output,the 442CB output,False
442,the 443User input,the 443wit output,the 443DB output,the 443CB output,Pass
443,the 444User input,the 444wit output,the 444DB output,the 444CB output,False
444,the 445User input,the 445wit output,the 445DB output,the 445CB output,Pass
445,the 446User input,the 446wit output,the 446DB output,the 446CB output,False
446,the 447User input,the 447wit output,the 447DB output,the 447CB output,Pass
447,the 448User input,the 448wit output,the 448DB output,the 448CB output,False
448,the 449User input,the 449wit output,the 449DB output,the 449CB output,Pass
449,the 450User input,the 450wit output,the 450DB output,the 450CB output,False
450,the 451User input,the 451wit output,the 451DB output,the 451CB output,Pass
451,the 452User input,the 452wit output,the 452DB output,the 452CB output,False
452,the 453User input,the 453wit output,the 453DB output,the 453CB output,Pass
453,the 454User input,the 454wit output,the 454DB output,the 454CB output,False
454,the 455User input,the 455wit output,the 455DB output,the 455CB output,Pass
455,the 456User input,the 456wit output,the 456DB output,the 456CB output,False
456,the 457User input,the 457wit output,the 457DB output,the 457CB output,Pass
457,the 458User input,the 458wit output,the 458DB output,the 458CB output,False
458,the 459User input,the 459wit output,the 459DB output,the 459CB output,Pass
459,the 460User input,the 460wit output,the 460DB output,the 460CB output,False
460,the 461User input,the 461wit output,the 461DB output,the 461CB output,Pass
461,the 462User input,the 462wit output,the 462DB output,the 462CB output,False
462,the 463User input,the 463wit output,the 463DB output,the 463CB output,Pass
463,the 464User input,the 464wit output,the 464DB output,the 464CB output,False
464,the 465User input,the 465wit output,the 465DB output,the 465CB output,Pass
465,the 466User input,the 466wit output,the 466DB output,the 466CB output,False
466,the 467User input,the 467wit output,the 467DB output,the 467CB output,Pass
467,the 468User input,the 468wit output,the 468DB output,the 468CB output,False
468,the 469User input,the 469wit output,the 469DB output,the 469CB output,Pass
469,the 470User input,the 470wit output,the 470DB output,the 470CB output,False
470,the 471User input,the 471wit output,the 471DB output,the 471CB output,Pass
471,the 472User input,the 472wit output,the 472DB output,the 472CB output,False
472,the 473User input,the 473wit output,the 473DB output,the 473CB output,Pass
473,the 474User input,the 474wit output,the 474DB output,the 474CB output,False
474,the 475User input,the 475wit output,the 475DB output,the 475CB output,Pass
475,the 476User input,the 476wit output,the 476DB output,the 476CB output,False
476,the 477User input,the 477wit output,the 477DB output,the 477CB output,Pass
477,the 478User input,the 478wit output,the 478DB output,the 478CB output,False
478,the 479User input,the 479wit output,the 479DB output,the 479CB output,Pass
479,the 480User input,the 480wit output,the 480DB output,the 480CB output,False
480,the 481User input,the 481wit output,the 481DB output,the 481CB output,Pass
481,the 482User input,the 482wit output,the 482DB output,the 482CB output,False
482,the 483User input,the 483wit output,the 483DB output,the 483CB output,Pass
483,the 484User input,the 484wit output,the 484DB output,the 484CB output,False
484,the 485User input,the 485wit output,the 485DB output,the 485CB output,Pass
485,the 486User input,the 486wit output,the 486DB output,the 486CB output,False
486,the 487User input,the 487wit output,the 487DB output,the 487CB output,Pass
487,the 488User input,the 488wit output,the 488DB output,the 488CB output,False
488,the 489User input,the 489wit output,the 489DB output,the 489CB output,Pass
489,the 490User input,the 490wit output,the 490DB output,the 490CB output,False
490,the 491User input,the 491wit output,the 491DB output,the 491CB output,Pass
491,the 492User input,the 492wit output,the 492DB output,the 492CB output,False
492,the 493User input,the 493wit output,the 493DB output,the 493CB output,Pass
493,the 494User input,the 494wit output,the 494DB output,the 494CB output,False
494,the 495User input,the 495wit output,the 495DB output,the 495CB output,Pass
495,the 496User input,the 496wit output,the 496DB output,the 496CB output,False
496,the 497User input,the 497wit output,the 497DB output,the 497CB output,Pass
497,the 498User input,the 498wit output,the 498DB output,the 498CB output,False
498,the 499User input,the 499wit output,the 499DB output,the 499CB output,Pass
499,the 500User input,the 500wit output,the 500DB output,the 500CB output,False
500,the 501User input,the 501wit output,the 501DB output,the 501CB output,Pass
501,the 502User input,the 502wit output,the 502DB output,the 502CB output,False
502,the 503User input,the 503wit output,the 503DB output,the 503CB output,Pass
503,the 504User input,the 504wit output,the 504DB output,the 504CB output,False
504,the 505User input,the 505wit output,the 505DB output,the 505CB output,Pass
505,the 506User input,the 506wit output,the 506DB output,the 506CB output,False
506,the 507User input,the 507wit output,the 507DB output,the 507CB output,Pass
507,the 508User input,the 508wit output,the 508DB output,the 508CB output,False
508,the 509User input,the 509wit output,the 509DB output,the 509CB output,Pass
509,the 510User input,the 510wit output,the 510DB output,the 510CB output,False
510,the 511User input,the 511wit output,the 511DB output,the 511CB output,Pass
511,the 512User input,the 512wit output,the 512DB output,the 512CB output,False
512,the 513User input,the 513wit output,the 513DB output,the 513CB output,Pass
513,the 514User input,the 514wit output,the 514DB output,the 514CB output,False
514,the 515User input,the 515wit output,the 515DB output,the 515CB output,Pass
515,the 516User input,the 516wit output,the 516DB output,the 516CB output,False
516,the 517User input,the 517wit output,the 517DB output,the 517CB output,Pass
517,the 518User input,the 518wit output,the 518DB output,the 518CB output,False
518,the 519User input,the 519wit output,the 519DB output,the 519CB output,Pass
519,the 520User input,the 520wit output,the 520DB output,the 520CB output,False
520,the 521User input,the 521wit output,the 521DB output,the 521CB output,Pass
521,the 522User input,the 522wit output,the 522DB output,the 522CB output,False
522,the 523User input,the 523wit output,the 523DB output,the 523CB output,Pass
523,the 524User input,the 524wit output,the 524DB output,the 524CB output,False
524,the 525User input,the 525wit output,the 525DB output,the 525CB output,Pass
525,the 526User input,the 526wit output,the 526DB output,the 526CB output,False
526,the 527User input,the 527wit output,the 527DB output,the 527CB output,Pass
527,the 528User input,the 528wit output,the 528DB output,the 528CB output,False
528,the 529User input,the 529wit output,the 529DB output,the 529CB output,Pass
529,the 530User input,the 530wit output,the 530DB output,the 530CB output,False
530,the 531User input,the 531wit output,the 531DB output,the 531CB output,Pass
531,the 532User input,the 532wit output,the 532DB output,the 532CB output,False
532,the 533User input,the 533wit output,the 533DB output,the 533CB output,Pass
533,the 534User input,the 534wit output,the 534DB output,the 534CB output,False
534,the 535User input,the 535wit output,the 535DB output,the 535CB output,Pass
535,the 536User input,the 536wit output,the 536DB output,the 536CB output,False
536,the 537User input,the 537wit output,the 537DB output,the 537CB output,Pass
537,the 538User input,the 538wit output,the 538DB output,the 538CB output,False
538,the 539User input,the 539wit output,the 539DB output,the 539CB output,Pass
539,the 540User input,the 540wit output,the 540DB output,the 540CB output,False
540,the 541User input,the 541wit output,the 541DB output,the 541CB output,Pass
541,the 542User input,the 542wit output,the 542DB output,the 542CB output,False
542,the 543User input,the 543wit output,the 543DB output,the 543CB output,Pass
543,the 544User input,the 544wit output,the 544DB output,the 544CB output,False
544,the 545User input,the 545wit output,the 545DB output,the 545CB output,Pass
545,the 546User input,the 546wit output,the 546DB output,the 546CB output,False
546,the 547User input,the 547wit output,the 547DB output,the 547CB output,Pass
547,the 548User input,the 548wit output,the 548DB output,the 548CB output,False
548,the 549User input,the 549wit output,the 549DB output,the 549CB output,Pass
549,the 550User input,the 550wit output,the 550DB output,the 550CB output,False
550,the 551User input,the 551wit output,the 551DB output,the 551CB output,Pass
551,the 552User input,the 552wit output,the 552DB output,the 552CB output,False
552,the 553User input,the 553wit output,the 553DB output,the 553CB output,Pass
553,the 554User input,the 554wit output,the 554DB output,the 554CB output,False
554,the 555User input,the 555wit output,the 555DB output,the 555CB output,Pass
555,the 556User input,the 556wit output,the 556DB output,the 556CB output,False
556,the 557User input,the 557wit output,the 557DB output,the 557CB output,Pass
557,the 558User input,the 558wit output,the 558DB output,the 558CB output,False
558,the 559User input,the 559wit output,the 559DB output,the 559CB output,Pass
559,the 560User input,the 560wit output,the 560DB output,the 560CB output,False
560,the 561User input,the 561wit output,the 561DB output,the 561CB output,Pass
561,the 562User input,the 562wit output,the 562DB output,the 562CB output,False
562,the 563User input,the 563wit output,the 563DB output,the 563CB output,Pass
563,the 564User input,the 564wit output,the 564DB output,the 564CB output,False
564,the 565User input,the 565wit output,the 565DB output,the 565CB output,Pass
565,the 566User input,the 566wit output,the 566DB output,the 566CB output,False
566,the 567User input,the 567wit output,the 567DB output,the 567CB output,Pass
567,the 568User input,the 568wit output,the 568DB output,the 568CB output,False
568,the 569User input,the 569wit output,the 569DB output,the 569CB output,Pass
569,the 570User input,the 570wit output,the 570DB output,the 570CB output,False
570,the 571User input,the 571wit output,the 571DB output,the 571CB output,Pass
571,the 572User input,the 572wit output,the 572DB output,the 572CB output,False
572,the 573User input,the 573wit output,the 573DB output,the 573CB output,Pass
573,the 574User input,the 574wit output,the 574DB output,the 574CB output,False
574,the 575User input,the 575wit output,the 575DB output,the 575CB output,Pass
575,the 576User input,the 576wit output,the 576DB output,the 576CB output,False
576,the 577User input,the 577wit output,the 577DB output,the 577CB output,Pass
577,the 578User input,the 578wit output,the 578DB output,the 578CB output,False
578,the 579User input,the 579wit output,the 579DB output,the 579CB output,Pass
579,the 580User input,the 580wit output,the 580DB output,the 580CB output,False
580,the 581User input,the 581wit output,the 581DB output,the 581CB output,Pass
581,the 582User input,the 582wit output,the 582DB output,the 582CB output,False
582,the 583User input,the 583wit output,the 583DB output,the 583CB output,Pass
583,the 584User input,the 584wit output,the 584DB output,the 584CB output,False
584,the 585User input,the 585wit output,the 585DB output,the 585CB output,Pass
585,the 586User input,the 586wit output,the 586DB output,the 586CB output,False
586,the 587User input,the 587wit output,the 587DB output,the 587CB output,Pass
587,the 588User input,the 588wit output,the 588DB output,the 588CB output,False
588,the 589User input,the 589wit output,the 589DB output,the 589CB output,Pass
589,the 590User input,the 590wit output,the 590DB output,the 590CB output,False
590,the 591User input,the 591wit output,the 591DB output,the 591CB output,Pass
591,the 592User input,the 592wit output,the 592DB output,the 592CB output,False
592,the 593User input,the 593wit output,the 593DB output,the 593CB output,Pass
593,the 594User input,the 594wit output,the 594DB output,the 594CB output,False
594,the 595User input,the 595wit output,the 595DB output,the 595CB output,Pass
595,the 596User input,the 596wit output,the 596DB output,the 596CB output,False
596,the 597User input,the 597wit output,the 597DB output,the 597CB output,Pass
597,the 598User input,the 598wit output,the 598DB output,the 598CB output,False
598,the 599User input,the 599wit output,the 599DB output,the 599CB output,Pass
599,the 600User input,the 600wit output,the 600DB output,the 600CB output,False
600,the 601User input,the 601wit output,the 601DB output,the 601CB output,Pass
601,the 602User input,the 602wit output,the 602DB output,the 602CB output,False
602,the 603User input,the 603wit output,the 603DB output,the 603CB output,Pass
603,the 604User input,the 604wit output,the 604DB output,the 604CB output,False
604,the 605User input,the 605wit output,the 605DB output,the 605CB output,Pass
605,the 606User input,the 606wit output,the 606DB output,the 606CB output,False
606,the 607User input,the 607wit output,the 607DB output,the 607CB output,Pass
607,the 608User input,the 608wit output,the 608DB output,the 608CB output,False
608,the 609User input,the 609wit output,the 609DB output,the 609CB output,Pass
609,the 610User input,the 610wit output,the 610DB output,the 610CB output,False
610,the 611User input,the 611wit output,the 611DB output,the 611CB output,Pass
611,the 612User input,the 612wit output,the 612DB output,the 612CB output,False
612,the 613User input,the 613wit output,the 613DB output,the 613CB output,Pass
613,the 614User input,the 614wit output,the 614DB output,the 614CB output,False
614,the 615User input,the 615wit output,the 615DB output,the 615CB output,Pass
615,the 616User input,the 616wit output,the 616DB output,the 616CB output,False
616,the 617User input,the 617wit output,the 617DB output,the 617CB output,Pass
617,the 618User input,the 618wit output,the 618DB output,the 618CB output,False
618,the 619User input,the 619wit output,the 619DB output,the 619CB output,Pass
619,the 620User input,the 620wit output,the 620DB output,the 620CB output,False
620,the 621User input,the 621wit output,the 621DB output,the 621CB output,Pass
621,the 622User input,the 622wit output,the 622DB output,the 622CB output,False
622,the 623User input,the 623wit output,the 623DB output,the 623CB output,Pass
623,the 624User input,the 624wit output,the 624DB output,the 624CB output,False
624,the 625User input,the 625wit output,the 625DB output,the 625CB output,Pass
625,the 626User input,the 626wit output,the 626DB output,the 626CB output,False
626,the 627User input,the 627wit output,the 627DB output,the 627CB output,Pass
627,the 628User input,the 628wit output,the 628DB output,the 628CB output,False
628,the 629User input,the 629wit output,the 629DB output,the 629CB output,Pass
629,the 630User input,the 630wit output,the 630DB output,the 630CB output,False
630,the 631User input,the 631wit output,the 631DB output,the 631CB output,Pass
631,the 632User input,the 632wit output,the 632DB output,the 632CB output,False
632,the 633User input,the 633wit output,the 633DB output,the 633CB output,Pass
633,the 634User input,the 634wit output,the 634DB output,the 634CB output,False
634,the 635User input,the 635wit output,the 635DB output,the 635CB output,Pass
635,the 636User input,the 636wit output,the 636DB output,the 636CB output,False
636,the 637User input,the 637wit output,the 637DB output,the 637CB output,Pass
637,the 638User input,the 638wit output,the 638DB output,the 638CB output,False
638,the 639User input,the 639wit output,the 639DB output,the 639CB output,Pass
639,the 640User input,the 640wit output,the 640DB output,the 640CB output,False
640,the 641User input,the 641wit output,the 641DB output,the 641CB output,Pass
641,the 642User input,the 642wit output,the 642DB output,the 642CB output,False
642,the 643User input,the 643wit output,the 643DB output,the 643CB output,Pass
643,the 644User input,the 644wit output,the 644DB output,the 644CB output,False
644,the 645User input,the 645wit output,the 645DB output,the 645CB output,Pass
645,the 646User input,the 646wit output,the 646DB output,the 646CB output,False
646,the 647User input,the 647wit output,the 647DB output,the 647CB output,Pass
647,the 648User input,the 648wit output,the 648DB output,the 648CB output,False
648,the 649User input,the 649wit output,the 649DB output,the 649CB output,Pass
649,the 650User input,the 650wit output,the 650DB output,the 650CB output,False
650,the 651User input,the 651wit output,the 651DB output,the 651CB output,Pass
651,the 652User input,the 652wit output,the 652DB output,the 652CB output,False
652,the 653User input,the 653wit output,the 653DB output,the 653CB output,Pass
653,the 654User input,the 654wit output,the 654DB output,the 654CB output,False
654,the 655User input,the 655wit output,the 655DB output,the 655CB output,Pass
655,the 656User input,the 656wit output,the 656DB output,the 656CB output,False
656,the 657User input,the 657wit output,the 657DB output,the 657CB output,Pass
657,the 658User input,the 658wit output,the 658DB output,the 658CB output,False
658,the 659User input,the 659wit output,the 659DB output,the 659CB output,Pass
659,the 660User input,the 660wit output,the 660DB output,the 660CB output,False
660,the 661User input,the 661wit output,the 661DB output,the 661CB output,Pass
661,the 662User input,the 662wit output,the 662DB output,the 662CB output,False
662,the 663User input,the 663wit output,the 663DB output,the 663CB output,Pass
663,the 664User input,the 664wit output,the 664DB output,the 664CB output,False
664,the 665User input,the 665wit output,the 665DB output,the 665CB output,Pass
665,the 666User input,the 666wit output,the 666DB output,the 666CB output,False
666,the 667User input,the 667wit output,the 667DB output,the 667CB output,Pass
667,the 668User input,the 668wit output,the 668DB output,the 668CB output,False
668,the 669User input,the 669wit output,the 669DB output,the 669CB output,Pass
669,the 670User input,the 670wit output,the 670DB output,the 670CB output,False
670,the 671User input,the 671wit output,the 671DB output,the 671CB output,Pass
671,the 672User input,the 672wit output,the 672DB output,the 672CB output,False
672,the 673User input,the 673wit output,the 673DB output,the 673CB output,Pass
673,the 674User input,the 674wit output,the 674DB output,the 674CB output,False
674,the 675User input,the 675wit output,the 675DB output,the 675CB output,Pass
675,the 676User input,the 676wit output,the 676DB output,the 676CB output,False
676,the 677User input,the 677wit output,the 677DB output,the 677CB output,Pass
677,the 678User input,the 678wit output,the 678DB output,the 678CB output,False
678,the 679User input,the 679wit output,the 679DB output,the 679CB output,Pass
679,the 680User input,the 680wit output,the 680DB output,the 680CB output,False
680,the 681User input,the 681wit output,the 681DB output,the 681CB output,Pass
681,the 682User input,the 682wit output,the 682DB output,the 682CB output,False
682,the 683User input,the 683wit output,the 683DB output,the 683CB output,Pass
683,the 684User input,the 684wit output,the 684DB output,the 684CB output,False
684,the 685User input,the 685wit output,the 685DB output,the 685CB output,Pass
685,the 686User input,the 686wit output,the 686DB output,the 686CB output,False
686,the 687User input,the 687wit output,the 687DB output,the 687CB output,Pass
687,the 688User input,the 688wit output,the 688DB output,the 688CB output,False
688,the 689User input,the 689wit output,the 689DB output,the 689CB output,Pass
689,the 690User input,the 690wit output,the 690DB output,the 690CB output,False
690,the 691User input,the 691wit output,the 691DB output,the 691CB output,Pass
691,the 692User input,the 692wit output,the 692DB output,the 692CB output,False
692,the 693User input,the 693wit output,the 693DB output,the 693CB output,Pass
693,the 694User input,the 694wit output,the 694DB output,the 694CB output,False
694,the 695User input,the 695wit output,the 695DB output,the 695CB output,Pass
695,the 696User input,the 696wit output,the 696DB output,the 696CB output,False
696,the 697User input,the 697wit output,the 697DB output,the 697CB output,Pass
697,the 698User input,the 698wit output,the 698DB output,the 698CB output,False
698,the 699User input,the 699wit output,the 699DB output,the 699CB output,Pass
699,the 700User input,the 700wit output,the 700DB output,the 700CB output,False
700,the 701User input,the 701wit output,the 701DB output,the 701CB output,Pass
701,the 702User input,the 702wit output,the 702DB output,the 702CB output,False
702,the 703User input,the 703wit output,the 703DB output,the 703CB output,Pass
703,the 704User input,the 704wit output,the 704DB output,the 704CB output,False
704,the 705User input,the 705wit output,the 705DB output,the 705CB output,Pass
705,the 706User input,the 706wit output,the 706DB output,the 706CB output,False
706,the 707User input,the 707wit output,the 707DB output,the 707CB output,Pass
707,the 708User input,the 708wit output,the 708DB output,the 708CB output,False
708,the 709User input,the 709wit output,the 709DB output,the 709CB output,Pass
709,the 710User input,the 710wit output,the 710DB output,the 710CB output,False
710,the 711User input,the 711wit output,the 711DB output,the 711CB output,Pass
711,the 712User input,the 712wit output,the 712DB output,the 712CB output,False
712,the 713User input,the 713wit output,the 713DB output,the 713CB output,Pass
713,the 714User input,the 714wit output,the 714DB output,the 714CB output,False
714,the 715User input,the 715wit output,the 715DB output,the 715CB output,Pass
715,the 716User input,the 716wit output,the 716DB output,the 716CB output,False
716,the 717User input,the 717wit output,the 717DB output,the 717CB output,Pass
717,the 718User input,the 718wit output,the 718DB output,the 718CB output,False
718,the 719User input,the 719wit output,the 719DB output,the 719CB output,Pass
719,the 720User input,the 720wit output,the 720DB output,the 720CB output,False
720,the 721User input,the 721wit output,the 721DB output,the 721CB output,Pass
721,the 722User input,the 722wit output,the 722DB output,the 722CB output,False
722,the 723User input,the 723wit output,the 723DB output,the 723CB output,Pass
723,the 724User input,the 724wit output,the 724DB output,the 724CB output,False
724,the 725User input,the 725wit output,the 725DB output,the 725CB output,Pass
725,the 726User input,the 726wit output,the 726DB output,the 726CB output,False
726,the 727User input,the 727wit output,the 727DB output,the 727CB output,Pass
727,the 728User input,the 728wit output,the 728DB output,the 728CB output,False
728,the 729User input,the 729wit output,the 729DB output,the 729CB output,Pass
729,the 730User input,the 730wit output,the 730DB output,the 730CB output,False
730,the 731User input,the 731wit output,the 731DB output,the 731CB output,Pass
731,the 732User input,the 732wit output,the 732DB output,the 732CB output,False
732,the 733User input,the 733wit output,the 733DB output,the 733CB output,Pass
733,the 734User input,the 734wit output,the 734DB output,the 734CB output,False
734,the 735User input,the 735wit output,the 735DB output,the 735CB output,Pass
735,the 736User input,the 736wit output,the 736DB output,the 736CB output,False
736,the 737User input,the 737wit output,the 737DB output,the 737CB output,Pass
737,the 738User input,the 738wit output,the 738DB output,the 738CB output,False
738,the 739User input,the 739wit output,the 739DB output,the 739CB output,Pass
739,the 740User input,the 740wit output,the 740DB output,the 740CB output,False
740,the 741User input,the 741wit output,the 741DB output,the 741CB output,Pass
741,the 742User input,the 742wit output,the 742DB output,the 742CB output,False
742,the 743User input,the 743wit output,the 743DB output,the 743CB output,Pass
743,the 744User input,the 744wit output,the 744DB output,the 744CB output,False
744,the 745User input,the 745wit output,the 745DB output,the 745CB output,Pass
745,the 746User input,the 746wit output,the 746DB output,the 746CB output,False
746,the 747User input,the 747wit output,the 747DB output,the 747CB output,Pass
747,the 748User input,the 748wit output,the 748DB output,the 748CB output,False
748,the 749User input,the 749wit output,the 749DB output,the 749CB output,Pass
749,the 750User input,the 750wit output,the 750DB output,the 750CB output,False
750,the 751User input,the 751wit output,the 751DB output,the 751CB output,Pass
751,the 752User input,the 752wit output,the 752DB output,the 752CB output,False
752,the 753User input,the 753wit output,the 753DB output,the 753CB output,Pass
753,the 754User input,the 754wit output,the 754DB output,the 754CB output,False
754,the 755User input,the 755wit output,the 755DB output,the 755CB output,Pass
755,the 756User input,the 756wit output,the 756DB output,the 756CB output,False
756,the 757User input,the 757wit output,the 757DB output,the 757CB output,Pass
757,the 758User input,the 758wit output,the 758DB output,the 758CB output,False
758,the 759User input,the 759wit output,the 759DB output,the 759CB output,Pass
759,the 760User input,the 760wit output,the 760DB output,the 760CB output,False
760,the 761User input,the 761wit output,the 761DB output,the 761CB output,Pass
761,the 762User input,the 762wit output,the 762DB output,the 762CB output,False
762,the 763User input,the 763wit output,the 763DB output,the 763CB output,Pass
763,the 764User input,the 764wit output,the 764DB output,the 764CB output,False
764,the 765User input,the 765wit output,the 765DB output,the 765CB output,Pass
765,the 766User input,the 766wit output,the 766DB output,the 766CB output,False
766,the 767User input,the 767wit output,the 767DB output,the 767CB output,Pass
767,the 768User input,the 768wit output,the 768DB output,the 768CB output,False
768,the 769User input,the 769wit output,the 769DB output,the 769CB output,Pass
769,the 770User input,the 770wit output,the 770DB output,the 770CB output,False
770,the 771User input,the 771wit output,the 771DB output,the 771CB output,Pass
771,the 772User input,the 772wit output,the 772DB output,the 772CB output,False
772,the 773User input,the 773wit output,the 773DB output,the 773CB output,Pass
773,the 774User input,the 774wit output,the 774DB output,the 774CB output,False
774,the 775User input,the 775wit output,the 775DB output,the 775CB output,Pass
775,the 776User input,the 776wit output,the 776DB output,the 776CB output,False
776,the 777User input,the 777wit output,the 777DB output,the 777CB output,Pass
777,the 778User input,the 778wit output,the 778DB output,the 778CB output,False
778,the 779User input,the 779wit output,the 779DB output,the 779CB output,Pass
779,the 780User input,the 780wit output,the 780DB output,the 780CB output,False
780,the 781User input,the 781wit output,the 781DB output,the 781CB output,Pass
781,the 782User input,the 782wit output,the 782DB output,the 782CB output,False
782,the 783User input,the 783wit output,the 783DB output,the 783CB output,Pass
783,the 784User input,the 784wit output,the 784DB output,the 784CB output,False
784,the 785User input,the 785wit output,the 785DB output,the 785CB output,Pass
785,the 786User input,the 786wit output,the 786DB output,the 786CB output,False
786,the 787User input,the 787wit output,the 787DB output,the 787CB output,Pass
787,the 788User input,the 788wit output,the 788DB output,the 788CB output,False
788,the 789User input,the 789wit output,the 789DB output,the 789CB output,Pass
789,the 790User input,the 790wit output,the 790DB output,the 790CB output,False
790,the 791User input,the 791wit output,the 791DB output,the 791CB output,Pass
791,the 792User input,the 792wit output,the 792DB output,the 792CB output,False
792,the 793User input,the 793wit output,the 793DB output,the 793CB output,Pass
793,the 794User input,the 794wit output,the 794DB output,the 794CB output,False
794,the 795User input,the 795wit output,the 795DB output,the 795CB output,Pass
795,the 796User input,the 796wit output,the 796DB output,the 796CB output,False
796,the 797User input,the 797wit output,the 797DB output,the 797CB output,Pass
797,the 798User input,the 798wit output,the 798DB output,the 798CB output,False
798,the 799User input,the 799wit output,the 799DB output,the 799CB output,Pass
799,the 800User input,the 800wit output,the 800DB output,the 800CB output,False
800,the 801User input,the 801wit output,the 801DB output,the 801CB output,Pass
801,the 802User input,the 802wit output,the 802DB output,the 802CB output,False
802,the 803User input,the 803wit output,the 803DB output,the 803CB output,Pass
803,the 804User input,the 804wit output,the 804DB output,the 804CB output,False
804,the 805User input,the 805wit output,the 805DB output,the 805CB output,Pass
805,the 806User input,the 806wit output,the 806DB output,the 806CB output,False
806,the 807User input,the 807wit output,the 807DB output,the 807CB output,Pass
807,the 808User input,the 808wit output,the 808DB output,the 808CB output,False
808,the 809User input,the 809wit output,the 809DB output,the 809CB output,Pass
809,the 810User input,the 810wit output,the 810DB output,the 810CB output,False
810,the 811User input,the 811wit output,the 811DB output,the 811CB output,Pass
811,the 812User input,the 812wit output,the 812DB output,the 812CB output,False
812,the 813User input,the 813wit output,the 813DB output,the 813CB output,Pass
813,the 814User input,the 814wit output,the 814DB output,the 814CB output,False
814,the 815User input,the 815wit output,the 815DB output,the 815CB output,Pass
815,the 816User input,the 816wit output,the 816DB output,the 816CB output,False
816,the 817User input,the 817wit output,the 817DB output,the 817CB output,Pass
817,the 818User input,the 818wit output,the 818DB output,the 818CB output,False
818,the 819User input,the 819wit output,the 819DB output,the 819CB output,Pass
819,the 820User input,the 820wit output,the 820DB output,the 820CB output,False
820,the 821User input,the 821wit output,the 821DB output,the 821CB output,Pass
821,the 822User input,the 822wit output,the 822DB output,the 822CB output,False
822,the 823User input,the 823wit output,the 823DB output,the 823CB output,Pass
823,the 824User input,the 824wit output,the 824DB output,the 824CB output,False
824,the 825User input,the 825wit output,the 825DB output,the 825CB output,Pass
825,the 826User input,the 826wit output,the 826DB output,the 826CB output,False
826,the 827User input,the 827wit output,the 827DB output,the 827CB output,Pass
827,the 828User input,the 828wit output,the 828DB output,the 828CB output,False
828,the 829User input,the 829wit output,the 829DB output,the 829CB output,Pass
829,the 830User input,the 830wit output,the 830DB output,the 830CB output,False
830,the 831User input,the 831wit output,the 831DB output,the 831CB output,Pass
831,the 832User input,the 832wit output,the 832DB output,the 832CB output,False
832,the 833User input,the 833wit output,the 833DB output,the 833CB output,Pass
833,the 834User input,the 834wit output,the 834DB output,the 834CB output,False
834,the 835User input,the 835wit output,the 835DB output,the 835CB output,Pass
835,the 836User input,the 836wit output,the 836DB output,the 836CB output,False
836,the 837User input,the 837wit output,the 837DB output,the 837CB output,Pass
837,the 838User input,the 838wit output,the 838DB output,the 838CB output,False
838,the 839User input,the 839wit output,the 839DB output,the 839CB output,Pass
839,the 840User input,the 840wit output,the 840DB output,the 840CB output,False
840,the 841User input,the 841wit output,the 841DB output,the 841CB output,Pass
841,the 842User input,the 842wit output,the 842DB output,the 842CB output,False
842,the 843User input,the 843wit output,the 843DB output,the 843CB output,Pass
843,the 844User input,the 844wit output,the 844DB output,the 844CB output,False
844,the 845User input,the 845wit output,the 845DB output,the 845CB output,Pass
845,the 846User input,the 846wit output,the 846DB output,the 846CB output,False
846,the 847User input,the 847wit output,the 847DB output,the 847CB output,Pass
847,the 848User input,the 848wit output,the 848DB output,the 848CB output,False
848,the 849User input,the 849wit output,the 849DB output,the 849CB output,Pass
849,the 850User input,the 850wit output,the 850DB output,the 850CB output,False
850,the 851User input,the 851wit output,the 851DB output,the 851CB output,Pass
851,the 852User input,the 852wit output,the 852DB output,the 852CB output,False
852,the 853User input,the 853wit output,the 853DB output,the 853CB output,Pass
853,the 854User input,the 854wit output,the 854DB output,the 854CB output,False
854,the 855User input,the 855wit output,the 855DB output,the 855CB output,Pass
855,the 856User input,the 856wit output,the 856DB output,the 856CB output,False
856,the 857User input,the 857wit output,the 857DB output,the 857CB output,Pass
857,the 858User input,the 858wit output,the 858DB output,the 858CB output,False
858,the 859User input,the 859wit output,the 859DB output,the 859CB output,Pass
859,the 860User input,the 860wit output,the 860DB output,the 860CB output,False
860,the 861User input,the 861wit output,the 861DB output,the 861CB output,Pass
861,the 862User input,the 862wit output,the 862DB output,the 862CB output,False
862,the 863User input,the 863wit output,the 863DB output,the 863CB output,Pass
863,the 864User input,the 864wit output,the 864DB output,the 864CB output,False
864,the 865User input,the 865wit output,the 865DB output,the 865CB output,Pass
865,the 866User input,the 866wit output,the 866DB output,the 866CB output,False
866,the 867User input,the 867wit output,the 867DB output,the 867CB output,Pass
867,the 868User input,the 868wit output,the 868DB output,the 868CB output,False
868,the 869User input,the 869wit output,the 869DB output,the 869CB output,Pass
869,the 870User input,the 870wit output,the 870DB output,the 870CB output,False
870,the 871User input,the 871wit output,the 871DB output,the 871CB output,Pass
871,the 872User input,the 872wit output,the 872DB output,the 872CB output,False
872,the 873User input,the 873wit output,the 873DB output,the 873CB output,Pass
873,the 874User input,the 874wit output,the 874DB output,the 874CB output,False
874,the 875User input,the 875wit output,the 875DB output,the 875CB output,Pass
875,the 876User input,the 876wit output,the 876DB output,the 876CB output,False
876,the 877User input,the 877wit output,the 877DB output,the 877CB output,Pass
877,the 878User input,the 878wit output,the 878DB output,the 878CB output,False
878,the 879User input,the 879wit output,the 879DB output,the 879CB output,Pass
879,the 880User input,the 880wit output,the 880DB output,the 880CB output,False
880,the 881User input,the 881wit output,the 881DB output,the 881CB output,Pass
881,the 882User input,the 882wit output,the 882DB output,the 882CB output,False
882,the 883User input,the 883wit output,the 883DB output,the 883CB output,Pass
883,the 884User input,the 884wit output,the 884DB output,the 884CB output,False
884,the 885User input,the 885wit output,the 885DB output,the 885CB output,Pass
885,the 886User input,the 886wit output,the 886DB output,the 886CB output,False
886,the 887User input,the 887wit output,the 887DB output,the 887CB output,Pass
887,the 888User input,the 888wit output,the 888DB output,the 888CB output,False
888,the 889User input,the 889wit output,the 889DB output,the 889CB output,Pass
889,the 890User input,the 890wit output,the 890DB output,the 890CB output,False
890,the 891User input,the 891wit output,the 891DB output,the 891CB output,Pass
891,the 892User input,the 892wit output,the 892DB output,the 892CB output,False
892,the 893User input,the 893wit output,the 893DB output,the 893CB output,Pass
893,the 894User input,the 894wit output,the 894DB output,the 894CB output,False
894,the 895User input,the 895wit output,the 895DB output,the 895CB output,Pass
895,the 896User input,the 896wit output,the 896DB output,the 896CB output,False
896,the 897User input,the 897wit output,the 897DB output,the 897CB output,Pass
897,the 898User input,the 898wit output,the 898DB output,the 898CB output,False
898,the 899User input,the 899wit output,the 899DB output,the 899CB output,Pass
899,the 900User input,the 900wit output,the 900DB output,the 900CB output,False
900,the 901User input,the 901wit output,the 901DB output,the 901CB output,Pass
901,the 902User input,the 902wit output,the 902DB output,the 902CB output,False
902,the 903User input,the 903wit output,the 903DB output,the 903CB output,Pass
903,the 904User input,the 904wit output,the 904DB output,the 904CB output,False
904,the 905User input,the 905wit output,the 905DB output,the 905CB output,Pass
905,the 906User input,the 906wit output,the 906DB output,the 906CB output,False
906,the 907User input,the 907wit output,the 907DB output,the 907CB output,Pass
907,the 908User input,the 908wit output,the 908DB output,the 908CB output,False
908,the 909User input,the 909wit output,the 909DB output,the 909CB output,Pass
909,the 910User input,the 910wit output,the 910DB output,the 910CB output,False
910,the 911User input,the 911wit output,the 911DB output,the 911CB output,Pass
911,the 912User input,the 912wit output,the 912DB output,the 912CB output,False
912,the 913User input,the 913wit output,the 913DB output,the 913CB output,Pass
913,the 914User input,the 914wit output,the 914DB output,the 914CB output,False
914,the 915User input,the 915wit output,the 915DB output,the 915CB output,Pass
915,the 916User input,the 916wit output,the 916DB output,the 916CB output,False
916,the 917User input,the 917wit output,the 917DB output,the 917CB output,Pass
917,the 918User input,the 918wit output,the 918DB output,the 918CB output,False
918,the 919User input,the 919wit output,the 919DB output,the 919CB output,Pass
919,the 920User input,the 920wit output,the 920DB output,the 920CB output,False
920,the 921User input,the 921wit output,the 921DB output,the 921CB output,Pass
921,the 922User input,the 922wit output,the 922DB output,the 922CB output,False
922,the 923User input,the 923wit output,the 923DB output,the 923CB output,Pass
923,the 924User input,the 924wit output,the 924DB output,the 924CB output,False
924,the 925User input,the 925wit output,the 925DB output,the 925CB output,Pass
925,the 926User input,the 926wit output,the 926DB output,the 926CB output,False
926,the 927User input,the 927wit output,the 927DB output,the 927CB output,Pass
927,the 928User input,the 928wit output,the 928DB output,the 928CB output,False
928,the 929User input,the 929wit output,the 929DB output,the 929CB output,Pass
929,the 930User input,the 930wit output,the 930DB output,the 930CB output,False
930,the 931User input,the 931wit output,the 931DB output,the 931CB output,Pass
931,the 932User input,the 932wit output,the 932DB output,the 932CB output,False
932,the 933User input,the 933wit output,the 933DB output,the 933CB output,Pass
933,the 934User input,the 934wit output,the 934DB output,the 934CB output,False
934,the 935User input,the 935wit output,the 935DB output,the 935CB output,Pass
935,the 936User input,the 936wit output,the 936DB output,the 936CB output,False
936,the 937User input,the 937wit output,the 937DB output,the 937CB output,Pass
937,the 938User input,the 938wit output,the 938DB output,the 938CB output,False
938,the 939User input,the 939wit output,the 939DB output,the 939CB output,Pass
939,the 940User input,the 940wit output,the 940DB output,the 940CB output,False
940,the 941User input,the 941wit output,the 941DB output,the 941CB output,Pass
941,the 942User input,the 942wit output,the 942DB output,the 942CB output,False
942,the 943User input,the 943wit output,the 943DB output,the 943CB output,Pass
943,the 944User input,the 944wit output,the 944DB output,the 944CB output,False
944,the 945User input,the 945wit output,the 945DB output,the 945CB output,Pass
945,the 946User input,the 946wit output,the 946DB output,the 946CB output,False
946,the 947User input,the 947wit output,the 947DB output,the 947CB output,Pass
947,the 948User input,the 948wit output,the 948DB output,the 948CB output,False
948,the 949User input,the 949wit output,the 949DB output,the 949CB output,Pass
949,the 950User input,the 950wit output,the 950DB output,the 950CB output,False
950,the 951User input,the 951wit output,the 951DB output,the 951CB output,Pass
951,the 952User input,the 952wit output,the 952DB output,the 952CB output,False
952,the 953User input,the 953wit output,the 953DB output,the 953CB output,Pass
953,the 954User input,the 954wit output,the 954DB output,the 954CB output,False
954,the 955User input,the 955wit output,the 955DB output,the 955CB output,Pass
955,the 956User input,the 956wit output,the 956DB output,the 956CB output,False
956,the 957User input,the 957wit output,the 957DB output,the 957CB output,Pass
957,the 958User input,the 958wit output,the 958DB output,the 958CB output,False
958,the 959User input,the 959wit output,the 959DB output,the 959CB output,Pass
959,the 960User input,the 960wit output,the 960DB output,the 960CB output,False
960,the 961User input,the 961wit output,the 961DB output,the 961CB output,Pass
961,the 962User input,the 962wit output,the 962DB output,the 962CB output,False
962,the 963User input,the 963wit output,the 963DB output,the 963CB output,Pass
963,the 964User input,the 964wit output,the 964DB output,the 964CB output,False
964,the 965User input,the 965wit output,the 965DB output,the 965CB output,Pass
965,the 966User input,the 966wit output,the 966DB output,the 966CB output,False
966,the 967User input,the 967wit output,the 967DB output,the 967CB output,Pass
967,the 968User input,the 968wit output,the 968DB output,the 968CB output,False
968,the 969User input,the 969wit output,the 969DB output,the 969CB output,Pass
969,the 970User input,the 970wit output,the 970DB output,the 970CB output,False
970,the 971User input,the 971wit output,the 971DB output,the 971CB output,Pass
971,the 972User input,the 972wit output,the 972DB output,the 972CB output,False
972,the 973User input,the 973wit output,the 973DB output,the 973CB output,Pass
973,the 974User input,the 974wit output,the 974DB output,the 974CB output,False
974,the 975User input,the 975wit output,the 975DB output,the 975CB output,Pass
975,the 976User input,the 976wit output,the 976DB output,the 976CB output,False
976,the 977User input,the 977wit output,the 977DB output,the 977CB output,Pass
977,the 978User input,the 978wit output,the 978DB output,the 978CB output,False
978,the 979User input,the 979wit output,the 979DB output,the 979CB output,Pass
979,the 980User input,the 980wit output,the 980DB output,the 980CB output,False
980,the 981User input,the 981wit output,the 981DB output,the 981CB output,Pass
981,the 982User input,the 982wit output,the 982DB output,the 982CB output,False
982,the 983User input,the 983wit output,the 983DB output,the 983CB output,Pass
983,the 984User input,the 984wit output,the 984DB output,the 984CB output,False
984,the 985User input,the 985wit output,the 985DB output,the 985CB output,Pass
985,the 986User input,the 986wit output,the 986DB output,the 986CB output,False
986,the 987User input,the 987wit output,the 987DB output,the 987CB output,Pass
987,the 988User input,the 988wit output,the 988DB output,the 988CB output,False
988,the 989User input,the 989wit output,the 989DB output,the 989CB output,Pass
989,the 990User input,the 990wit output,the 990DB output,the 990CB output,False
990,the 991User input,the 991wit output,the 991DB output,the 991CB output,Pass
991,the 992User input,the 992wit output,the 992DB output,the 992CB output,False
992,the 993User input,the 993wit output,the 993DB output,the 993CB output,Pass
993,the 994User input,the 994wit output,the 994DB output,the 994CB output,False
994,the 995User input,the 995wit output,the 995DB output,the 995CB output,Pass
995,the 996User input,the 996wit output,the 996DB output,the 996CB output,False
996,the 997User input,the 997wit output,the 997DB output,the 997CB output,Pass
997,the 998User input,the 998wit output,the 998DB output,the 998CB output,False
998,the 999User input,the 999wit output,the 999DB output,the 999CB output,Pass
